slot,start,end,source_rows,source_times,price_yuan_per_kwh,load_kw,pv_kw,load_kwh,pv_kwh,grid_kwh,charge_kwh,discharge_kwh,curtailed_pv_kwh,soc_start_kwh,soc_end_kwh,soc_increment_kwh,action,cost_yuan
1,00:00,00:10,2,00:10,0.4248,3439.8466,0.0,573.3077666666666,0.0,1406.6410999999998,833.3333333333333,0.0,0.0,6000.0,6750.0,750.0,charge,597.5411392799999
2,00:10,00:20,3,00:20,0.4245,3437.9792,0.0,572.9965333333333,0.0,1406.329866666667,833.3333333333333,0.0,0.0,6750.0,7500.0,750.0,charge,596.9870284000001
3,00:20,00:30,4,00:30,0.4269,3444.3031,0.0,574.0505166666667,0.0,1407.3838500000002,833.3333333333333,0.0,0.0,7500.0,8250.0,750.0,charge,600.8121655650001
4,00:30,00:40,5,00:40,0.4272,3454.4437,0.0,575.7406166666666,0.0,1409.0739499999981,833.3333333333333,0.0,0.0,8250.0,9000.0,750.0,charge,601.9563914399993
5,00:40,00:50,6,00:50,0.4271,3458.8273,0.0,576.4712166666666,0.0,1409.8045500000007,833.3333333333333,0.0,0.0,9000.0,9750.0,750.0,charge,602.1275233050003
6,00:50,01:00,7,01:00,0.4285,3459.8401,0.0,576.6400166666666,0.0,576.6400166666681,0.0,0.0,0.0,9750.0,9750.000000000002,1.8189894035458565e-12,idle,247.09024714166728
7,01:00,01:10,8,01:10,0.4311,3467.1582,0.0,577.8597,0.0,577.85969999999,0.0,0.0,0.0,9750.000000000002,9749.999999999993,-9.094947017729282e-12,idle,249.11531666999568
8,01:10,01:20,9,01:20,0.4302,3467.9632,0.0,577.9938666666667,0.0,577.9938666666661,0.0,0.0,0.0,9749.999999999993,9749.999999999993,0.0,idle,248.65296143999979
9,01:20,01:30,10,01:30,0.4279,3466.9683,0.0,577.82805,0.0,911.1613833333449,333.33333333334343,0.0,0.0,9749.999999999993,10050.000000000002,300.0000000000091,charge,389.8859559283383
10,01:30,01:40,11,01:40,0.4312,3482.4927,0.0,580.41545,0.0,580.4154500000021,0.0,0.0,0.0,10050.000000000002,10050.000000000004,1.8189894035458565e-12,idle,250.27514204000093
11,01:40,01:50,12,01:50,0.4333,3495.0841,0.0,582.5140166666666,0.0,582.5140166666661,0.0,0.0,0.0,10050.000000000004,10050.000000000004,0.0,idle,252.4033234216664
12,01:50,02:00,13,02:00,0.4311,3498.4443,0.0,583.0740499999999,0.0,583.0740499999993,0.0,0.0,0.0,10050.000000000004,10050.000000000004,0.0,idle,251.36322295499969
13,02:00,02:10,14,02:10,0.4293,3505.2295,0.0,584.2049166666666,0.0,584.2049166666657,0.0,0.0,0.0,10050.000000000004,10050.000000000004,0.0,idle,250.79917072499958
14,02:10,02:20,15,02:20,0.4324,3512.6387,0.0,585.4397833333333,0.0,585.4397833333333,0.0,0.0,0.0,10050.000000000004,10050.000000000004,0.0,idle,253.1441623133333
15,02:20,02:30,16,02:30,0.4367,3516.8685,0.0,586.1447499999999,0.0,586.1447499999995,0.0,0.0,0.0,10050.000000000004,10050.000000000004,0.0,idle,255.96941232499975
16,02:30,02:40,17,02:40,0.4348,3517.9246,0.0,586.3207666666666,0.0,586.3207666666658,0.0,0.0,0.0,10050.000000000004,10050.000000000004,0.0,idle,254.93226934666632
17,02:40,02:50,18,02:50,0.4335,3518.5518,0.0,586.4253,0.0,586.4253000000008,0.0,0.0,0.0,10050.000000000004,10050.000000000004,0.0,idle,254.21536755000034
18,02:50,03:00,19,03:00,0.4357,3521.0976,0.0,586.8496,0.0,586.8495999999996,0.0,0.0,0.0,10050.000000000004,10050.000000000004,0.0,idle,255.6903707199998
19,03:00,03:10,20,03:10,0.4374,3526.9261,0.0,587.8210166666667,0.0,587.8210166666668,0.0,0.0,0.0,10050.000000000004,10050.000000000004,0.0,idle,257.11291269000003
20,03:10,03:20,21,03:20,0.4371,3537.2854,0.0,589.5475666666666,0.0,589.5475666666662,0.0,0.0,0.0,10050.000000000004,10050.000000000004,0.0,idle,257.6912413899998
21,03:20,03:30,22,03:30,0.4356,3544.8808,0.0,590.8134666666666,0.0,590.8134666666665,0.0,0.0,0.0,10050.000000000004,10050.000000000004,0.0,idle,257.35834607999993
22,03:30,03:40,23,03:40,0.4353,3541.2787,0.0,590.2131166666666,0.0,590.2131166666659,0.0,0.0,0.0,10050.000000000004,10050.000000000004,0.0,idle,256.91976968499966
23,03:40,03:50,24,03:50,0.436,3546.3976,0.0,591.0662666666666,0.0,591.0662666666667,0.0,0.0,0.0,10050.000000000004,10050.000000000004,0.0,idle,257.70489226666666
24,03:50,04:00,25,04:00,0.4378,3560.207,0.0,593.3678333333332,0.0,593.3678333333337,0.0,0.0,0.0,10050.000000000004,10050.000000000004,0.0,idle,259.7764374333335
25,04:00,04:10,26,04:10,0.4401,3561.9581,0.0,593.6596833333333,0.0,593.6596833333333,0.0,0.0,0.0,10050.000000000004,10050.000000000004,0.0,idle,261.269626635
26,04:10,04:20,27,04:20,0.4389,3556.7183,0.0,592.7863833333333,0.0,592.786383333334,0.0,0.0,0.0,10050.000000000004,10050.000000000004,0.0,idle,260.1739436450003
27,04:20,04:30,28,04:30,0.4364,3560.0272,0.0,593.3378666666666,0.0,593.3378666666667,0.0,0.0,0.0,10050.000000000004,10050.000000000004,0.0,idle,258.9326450133334
28,04:30,04:40,29,04:40,0.4393,3580.654,0.5994,596.7756666666667,0.0999,596.6757666666672,0.0,0.0,0.0,10050.000000000004,10050.000000000004,0.0,idle,262.1196642966669
29,04:40,04:50,30,04:50,0.4422,3586.916,0.2345,597.8193333333334,0.03908333333333333,597.7802499999998,0.0,0.0,0.0,10050.000000000004,10050.000000000004,0.0,idle,264.3384265499999
30,04:50,05:00,31,05:00,0.4395,3571.2635,0.2885,595.2105833333333,0.048083333333333325,595.1625000000004,0.0,0.0,0.0,10050.000000000004,10050.000000000004,0.0,idle,261.5739187500002
31,05:00,05:10,32,05:10,0.4333,3562.3171,18.6781,593.7195166666667,3.1130166666666668,590.6064999999999,0.0,0.0,0.0,10050.000000000004,10050.000000000004,0.0,idle,255.90979644999996
32,05:10,05:20,33,05:20,0.4439,3591.3809,54.4698,598.5634833333334,9.078299999999999,589.4851833333341,0.0,0.0,0.0,10050.000000000004,10050.000000000004,0.0,idle,261.67247288166703
33,05:20,05:30,34,05:30,0.4301,3579.7045,108.9718,596.6174166666666,18.161966666666665,578.4554499999958,0.0,0.0,0.0,10050.000000000004,10050.0,-3.637978807091713e-12,idle,248.7936890449982
34,05:30,05:40,35,05:40,0.3713,3486.119,184.1603,581.0198333333333,30.693383333333333,1383.6597833333326,833.3333333333333,0.0,0.0,10050.0,10800.0,750.0,charge,513.7528775516664
35,05:40,05:50,36,05:50,0.5708,3823.8994,277.0582,637.3165666666666,46.17636666666667,591.1401999999999,0.0,0.0,0.0,10800.0,10800.0,0.0,idle,337.42282615999994
36,05:50,06:00,37,06:00,0.9099,4398.0727,388.5494,733.0121166666665,64.75823333333332,0.0,0.0,668.2538833333329,0.0,10800.0,10057.495685185186,-742.5043148148143,discharge,0.0
37,06:00,06:10,38,06:10,0.9368,4454.0123,521.2803,742.3353833333333,86.88005,0.0,0.0,655.4553333333339,0.0,10057.495685185186,9329.211981481481,-728.2837037037043,discharge,0.0
38,06:10,06:20,39,06:20,0.8758,4371.7919,672.7677,728.6319833333333,112.12795,0.0,0.0,616.5040333333329,0.0,9329.211981481481,8644.2075,-685.004481481481,discharge,0.0
39,06:20,06:30,40,06:30,0.8759,4392.953,844.2261,732.1588333333334,140.70434999999998,0.0,0.0,591.4544833333341,0.0,8644.2075,7987.0358518518515,-657.171648148149,discharge,0.0
40,06:30,06:40,41,06:40,0.8601,4384.5956,1039.6744,730.7659333333332,173.27906666666667,0.0,0.0,557.4868666666665,0.0,7987.0358518518515,7367.606,-619.4298518518517,discharge,0.0
41,06:40,06:50,42,06:50,0.8442,4434.7757,1259.3375,739.1292833333333,209.88958333333335,0.0,0.0,529.2397000000002,0.0,7367.606,6779.5618888888885,-588.0441111111113,discharge,0.0
42,06:50,07:00,43,07:00,0.8334,4523.4561,1508.6318,753.90935,251.43863333333334,0.0,0.0,502.4707166666661,0.0,6779.5618888888885,6221.261092592593,-558.3007962962956,discharge,0.0
43,07:00,07:10,44,07:10,0.8092,4524.0721,1791.4107,754.0120166666667,298.56845,0.0,0.0,455.44356666666675,0.0,6221.261092592593,5715.212685185185,-506.04840740740747,discharge,0.0
44,07:10,07:20,45,07:20,0.7972,4545.8867,2085.4865,757.6477833333333,347.5810833333333,0.0,0.0,410.0667000000009,0.0,5715.212685185185,5259.583018518518,-455.6296666666676,discharge,0.0
45,07:20,07:30,46,07:30,0.7644,4523.2418,2381.2611,753.8736333333333,396.87685,0.0,0.0,356.99678333333276,0.0,5259.583018518518,4862.919925925926,-396.66309259259197,discharge,0.0
46,07:30,07:40,47,07:40,0.6899,4383.3566,2683.1752,730.5594333333333,447.1958666666667,0.0,0.0,283.3635666666669,0.0,4862.919925925926,4548.071518518518,-314.84840740740765,discharge,0.0
47,07:40,07:50,48,07:50,0.86,4910.4599,2986.3552,818.4099833333332,497.72586666666666,0.0,0.0,320.68411666666606,0.0,4548.071518518518,4191.755833333334,-356.3156851851845,discharge,0.0
48,07:50,08:00,49,08:00,1.1617,5799.7327,3289.204,966.6221166666666,548.2006666666666,0.0,0.0,418.4214500000001,0.0,4191.755833333334,3726.8431111111113,-464.9127222222223,discharge,0.0
49,08:00,08:10,50,08:10,1.1683,5884.826,3593.3613,980.8043333333333,598.89355,0.0,0.0,381.9107833333332,0.0,3726.8431111111113,3302.4977962962967,-424.3453148148146,discharge,0.0
50,08:10,08:20,51,08:20,1.0956,5748.0713,3890.7332,958.0118833333332,648.4555333333333,0.0,0.0,309.5563500000001,0.0,3302.4977962962967,2958.5462962962965,-343.9515000000001,discharge,0.0
51,08:20,08:30,52,08:30,1.0849,5769.0581,4181.3417,961.5096833333333,696.8902833333333,0.0,0.0,264.6194,0.0,2958.5462962962965,2664.524740740741,-294.02155555555555,discharge,0.0
52,08:30,08:40,53,08:40,1.061,5754.2105,4471.7657,959.0350833333333,745.2942833333333,0.0,0.0,213.74080000000004,0.0,2664.524740740741,2427.034962962963,-237.48977777777782,discharge,0.0
53,08:40,08:50,54,08:50,1.043,5824.1807,4752.8272,970.6967833333333,792.1378666666666,0.0,0.0,178.55891666666685,0.0,2427.034962962963,2228.6361666666667,-198.3987962962965,discharge,0.0
54,08:50,09:00,55,09:00,1.036,5954.2601,5021.9074,992.3766833333334,836.9845666666666,0.0,0.0,155.39211666666674,0.0,2228.6361666666667,2055.978259259259,-172.6579074074075,discharge,0.0
55,09:00,09:10,56,09:10,1.0147,5958.9696,5285.4126,993.1616,880.9020999999999,0.0,0.0,112.25950000000019,0.0,2055.978259259259,1931.2454814814812,-124.73277777777798,discharge,0.0
56,09:10,09:20,57,09:20,0.9922,5929.5554,5543.1742,988.2592333333333,923.8623666666667,0.0,0.0,64.39686666666637,0.0,1931.2454814814812,1859.6934074074074,-71.55207407407374,discharge,0.0
57,09:20,09:30,58,09:30,0.97,5923.7828,5788.4093,987.2971333333332,964.7348833333333,0.0,0.0,22.562249999999995,0.0,1859.6934074074074,1834.6242407407408,-25.06916666666666,discharge,0.0
58,09:30,09:40,59,09:40,0.9422,5907.586,6012.1304,984.5976666666667,1002.0217333333333,0.0,17.42406666666663,0.0,0.0,1834.6242407407408,1850.3059007407408,15.681659999999965,charge,0.0
59,09:40,09:50,60,09:50,0.9569,5899.1262,6216.1528,983.1877,1036.0254666666665,0.0,52.83776666666654,0.0,0.0,1850.3059007407408,1897.8598907407406,47.553989999999885,charge,0.0
60,09:50,10:00,61,10:00,0.9977,5902.2196,6409.5941,983.7032666666667,1068.2656833333333,0.0,84.56241666666655,0.0,0.0,1897.8598907407406,1973.9660657407405,76.1061749999999,charge,0.0
61,10:00,10:10,62,10:10,0.9919,5897.4793,6599.3808,982.9132166666666,1099.8968,0.0,116.98358333333367,0.0,0.0,1973.9660657407405,2079.251290740741,105.28522500000031,charge,0.0
62,10:10,10:20,63,10:20,0.9588,5886.7568,6766.7204,981.1261333333333,1127.7867333333334,0.0,146.66060000000016,0.0,0.0,2079.251290740741,2211.245830740741,131.99454000000014,charge,0.0
63,10:20,10:30,64,10:30,0.9549,5873.4708,6914.5923,978.9118,1152.43205,0.0,173.5202499999999,0.0,0.0,2211.245830740741,2367.414055740741,156.1682249999999,charge,0.0
64,10:30,10:40,65,10:40,0.9839,5858.0308,7064.2053,976.3384666666667,1177.36755,0.0,201.0290833333334,0.0,0.0,2367.414055740741,2548.340230740741,180.92617500000006,charge,0.0
65,10:40,10:50,66,10:50,0.799,5844.9948,7197.4315,974.1658,1199.5719166666665,0.0,225.40611666666638,0.0,0.0,2548.340230740741,2751.2057357407407,202.86550499999976,charge,0.0
66,10:50,11:00,67,11:00,0.5025,5839.0587,7303.1142,973.1764499999999,1217.1857,0.0,244.00925000000015,0.0,0.0,2751.2057357407407,2970.814060740741,219.60832500000015,charge,0.0
67,11:00,11:10,68,11:10,0.4662,5838.7103,7387.6848,973.1183833333332,1231.2808,575.1709166666665,833.3333333333333,0.0,0.0,2970.814060740741,3720.814060740741,750.0,charge,268.1446813499999
68,11:10,11:20,69,11:20,0.5007,5823.4378,7459.227,970.5729666666666,1243.2044999999998,0.0,272.6315333333332,0.0,0.0,3720.814060740741,3966.1824407407407,245.3683799999999,charge,0.0
69,11:20,11:30,70,11:30,0.4827,5814.7932,7520.7191,969.1322,1253.4531833333333,0.0,284.3209833333332,0.0,0.0,3966.1824407407407,4222.071325740741,255.88888499999985,charge,0.0
70,11:30,11:40,71,11:40,0.4785,5832.3951,7568.2039,972.06585,1261.3673166666667,179.2771713991733,468.5786380658404,0.0,0.0,4222.071325740741,4643.792099999997,421.72077425925636,charge,85.78412651450442
71,11:40,11:50,72,11:50,0.4662,5712.901,7592.1539,952.1501666666666,1265.3589833333333,520.1245166666668,833.3333333333333,0.0,0.0,4643.792099999997,5393.792099999997,750.0,charge,242.48204967000004
72,11:50,12:00,73,12:00,0.4432,5519.4607,7601.0433,919.9101166666666,1266.84055,486.40290000000005,833.3333333333333,0.0,0.0,5393.792099999997,6143.792099999997,750.0,charge,215.57376528
73,12:00,12:10,74,12:10,0.4411,5494.7907,7612.316,915.7984499999999,1268.7193333333332,480.4124499999998,833.3333333333333,0.0,0.0,6143.792099999997,6893.792099999997,750.0,charge,211.9099316949999
74,12:10,12:20,75,12:20,0.4551,5514.4524,7602.6524,919.0754,1267.1087333333332,485.3000000000011,833.3333333333333,0.0,0.0,6893.792099999997,7643.792099999997,750.0,charge,220.8600300000005
75,12:20,12:30,76,12:30,0.4463,5485.829,7554.1872,914.3048333333332,1259.0312,488.6069666666681,833.3333333333333,0.0,0.0,7643.792099999997,8393.792099999997,750.0,charge,218.06528922333396
76,12:30,12:40,77,12:40,0.4113,5462.3628,7472.7384,910.3937999999999,1245.4564,498.2707333333328,833.3333333333333,0.0,0.0,8393.792099999997,9143.792099999997,750.0,charge,204.9387526199998
77,12:40,12:50,78,12:50,0.5682,5566.1066,7393.4172,927.6844333333333,1232.2361999999998,0.0,304.5517666666678,0.0,0.0,9143.792099999997,9417.888689999998,274.096590000001,charge,0.0
78,12:50,13:00,79,13:00,0.8279,5725.7548,7312.7979,954.2924666666665,1218.79965,0.0,264.507183333335,0.0,0.0,9417.888689999998,9655.945155,238.05646500000148,charge,0.0
79,13:00,13:10,80,13:10,0.8636,5739.4957,7194.541,956.5826166666667,1199.0901666666666,0.0,242.50754999999924,0.0,0.0,9655.945155,9874.201949999999,218.25679499999933,charge,0.0
80,13:10,13:20,81,13:20,0.8416,5714.6836,7053.1371,952.4472666666667,1175.5228499999998,0.0,223.07558333333264,0.0,0.0,9874.201949999999,10074.969974999998,200.7680249999994,charge,0.0
81,13:20,13:30,82,13:30,0.8618,5717.8505,6910.4064,952.9750833333333,1151.7343999999998,0.0,198.75931666666776,0.0,0.0,10074.969974999998,10253.85336,178.883385000001,charge,0.0
82,13:30,13:40,83,13:40,0.8623,5708.2486,6772.4075,951.3747666666666,1128.7345833333334,0.0,177.35981666666703,0.0,0.0,10253.85336,10413.477195,159.62383500000033,charge,0.0
83,13:40,13:50,84,13:50,0.9026,5696.9182,6607.36,949.4863666666666,1101.2266666666665,0.0,151.74029999999928,0.0,0.0,10413.477195,10550.043464999999,136.56626999999935,charge,0.0
84,13:50,14:00,85,14:00,0.9754,5692.2983,6412.5085,948.7163833333334,1068.7514166666665,0.0,120.03503333333356,0.0,0.0,10550.043464999999,10658.074994999999,108.0315300000002,charge,0.0
85,14:00,14:10,86,14:10,1.0002,5687.1291,6214.0158,947.8548499999999,1035.6693,0.0,87.81444999999924,0.0,0.0,10658.074994999999,10737.107999999998,79.03300499999932,charge,0.0
86,14:10,14:20,87,14:20,0.9978,5678.962,6000.7112,946.4936666666667,1000.1185333333333,0.0,53.6248666666668,0.0,0.0,10737.107999999998,10785.370379999998,48.26238000000012,charge,0.0
87,14:20,14:30,88,14:30,1.0271,5669.4508,5766.9816,944.9084666666665,961.1636,0.0,16.255133333335024,0.0,0.0,10785.370379999998,10800.0,14.629620000001523,charge,0.0
88,14:30,14:40,89,14:40,1.0906,5664.1948,5521.5066,944.0324666666667,920.2511,0.0,0.0,23.781366666665964,0.0,10800.0,10773.57625925926,-26.42374074073996,discharge,0.0
89,14:40,14:50,90,14:50,0.9376,5672.7011,5268.781,945.4501833333334,878.1301666666666,0.0,0.0,67.32001666666729,0.0,10773.57625925926,10698.77624074074,-74.80001851851921,discharge,0.0
90,14:50,15:00,91,15:00,0.6694,5682.2544,5009.7152,947.0423999999999,834.9525333333332,112.08986666666817,0.0,0.0,0.0,10698.77624074074,10698.776240740744,3.637978807091713e-12,idle,75.03295674666768
91,15:00,15:10,92,15:10,0.66,5669.0195,4743.4484,944.8365833333334,790.5747333333334,266.7326936213958,112.47084362139503,0.0,0.0,10698.776240740744,10800.0,101.22375925925553,charge,176.04357779012125
92,15:10,15:20,93,15:20,0.7217,5656.3651,4471.224,942.7275166666666,745.204,197.52351666666664,0.0,0.0,0.0,10800.0,10800.0,0.0,idle,142.55272197833332
93,15:20,15:30,94,15:30,0.7308,5657.0867,4188.2025,942.8477833333333,698.03375,244.8140333333332,0.0,0.0,0.0,10800.0,10800.0,0.0,idle,178.91009555999992
94,15:30,15:40,95,15:40,0.7534,5662.6008,3889.3931,943.7668,648.2321833333333,295.5346166666667,0.0,0.0,0.0,10800.0,10800.0,0.0,idle,222.65578019666668
95,15:40,15:50,96,15:50,0.7823,5669.2596,3594.5946,944.8766,599.0990999999999,345.77750000000015,0.0,0.0,0.0,10800.0,10800.0,0.0,idle,270.50173825000013
96,15:50,16:00,97,16:00,0.8055,5673.4767,3303.8878,945.57945,550.6479666666667,394.9314833333333,0.0,0.0,0.0,10800.0,10800.0,0.0,idle,318.11730982499995
97,16:00,16:10,98,16:10,0.8271,5671.0146,2998.4247,945.1691000000001,499.73744999999997,445.4316500000001,0.0,0.0,0.0,10800.0,10800.0,0.0,idle,368.41651771500005
98,16:10,16:20,99,16:20,0.8519,5661.5926,2687.4131,943.5987666666666,447.90218333333337,495.69658333333325,0.0,0.0,0.0,10800.0,10800.0,0.0,idle,422.2839193416666
99,16:20,16:30,100,16:30,0.8791,5665.8922,2383.1779,944.3153666666667,397.1963166666667,547.11905,0.0,0.0,0.0,10800.0,10800.0,0.0,idle,480.972356855
100,16:30,16:40,101,16:40,0.9024,5689.0372,2089.1246,948.1728666666666,348.18743333333333,599.9854333333333,0.0,0.0,0.0,10800.0,10800.0,0.0,idle,541.42685504
101,16:40,16:50,102,16:50,0.9163,5603.6614,1791.0829,933.9435666666666,298.5138166666667,635.4297499999999,0.0,0.0,0.0,10800.0,10800.0,0.0,idle,582.2442799249999
102,16:50,17:00,103,17:00,0.9264,5466.7124,1501.7283,911.1187333333334,250.28805,660.8306833333334,0.0,0.0,0.0,10800.0,10800.0,0.0,idle,612.19354504
103,17:00,17:10,104,17:10,0.9462,5467.3939,1255.1723,911.2323166666666,209.19538333333333,702.0369333333333,0.0,0.0,0.0,10800.0,10800.0,0.0,idle,664.26734632
104,17:10,17:20,105,17:20,0.9742,5464.727,1036.3323,910.7878333333333,172.72205,738.0657833333333,0.0,0.0,0.0,10800.0,10800.0,0.0,idle,719.0236861233333
105,17:20,17:30,106,17:30,0.9862,5492.4458,836.7775,915.4076333333334,139.46291666666667,775.9447166666666,0.0,0.0,0.0,10800.0,10800.0,0.0,idle,765.2366795766666
106,17:30,17:40,107,17:40,0.976,5621.7308,665.2313,936.9551333333334,110.87188333333333,826.08325,0.0,0.0,0.0,10800.0,10800.0,0.0,idle,806.257252
107,17:40,17:50,108,17:50,1.0742,5091.2126,516.6758,848.5354333333332,86.11263333333332,762.4227999999999,0.0,0.0,0.0,10800.0,10800.0,0.0,idle,818.99457176
108,17:50,18:00,109,18:00,1.2313,4208.5688,386.6731,701.4281333333333,64.44551666666666,636.9826166666633,0.0,0.0,0.0,10800.0,10799.999999999996,-3.637978807091713e-12,idle,784.3166959016626
109,18:00,18:10,110,18:10,1.2561,4122.7611,275.7933,687.1268499999999,45.96554999999999,531.8940500000062,0.0,109.26724999999351,0.0,10799.999999999996,10678.591944444448,-121.40805555554834,discharge,668.1121162050079
110,18:10,18:20,111,18:20,1.2447,4255.9358,182.9526,709.3226333333333,30.492099999999997,678.8305333333385,0.0,0.0,0.0,10678.591944444448,10678.591944444453,5.4569682106375694e-12,idle,844.9403648400064
111,18:20,18:30,112,18:30,1.2545,4225.9524,108.3414,704.3254,18.0569,686.2685000000001,0.0,0.0,0.0,10678.591944444453,10678.591944444453,0.0,idle,860.9238332500001
112,18:30,18:40,113,18:40,1.2522,4233.3384,54.3121,705.5563999999999,9.052016666666667,696.5043833333257,0.0,0.0,0.0,10678.591944444453,10678.591944444446,-7.275957614183426e-12,idle,872.1627888099904
113,18:40,18:50,114,18:50,1.2881,4246.4625,18.6569,707.7437499999999,3.1094833333333334,0.0,0.0,704.6342666666671,0.0,10678.591944444446,9895.664981481483,-782.9269629629634,discharge,0.0
114,18:50,19:00,115,19:00,1.3466,4239.1795,0.2753,706.5299166666666,0.04588333333333333,0.0,0.0,706.4840333333332,0.0,9895.664981481483,9110.682722222224,-784.9822592592591,discharge,0.0
115,19:00,19:10,116,19:10,1.3523,4244.6684,0.2296,707.4447333333333,0.038266666666666664,0.0,0.0,707.4064666666676,0.0,9110.682722222224,8324.675537037037,-786.0071851851862,discharge,0.0
116,19:10,19:20,117,19:20,1.3445,4251.9187,0.6007,708.6531166666666,0.10011666666666666,0.0,0.0,708.5530000000002,0.0,8324.675537037037,7537.394425925926,-787.2811111111114,discharge,0.0
117,19:20,19:30,118,19:30,1.3483,4256.6813,0.0,709.4468833333333,0.0,0.0,0.0,709.4468833333341,0.0,7537.394425925926,6749.12011111111,-788.2743148148156,discharge,0.0
118,19:30,19:40,119,19:40,1.349,4267.3947,0.0,711.23245,0.0,0.0,0.0,711.2324499999994,0.0,6749.12011111111,5958.861833333333,-790.258277777777,discharge,0.0
119,19:40,19:50,120,19:50,1.3473,4269.975,0.0,711.6625,0.0,0.0,0.0,711.6625000000003,0.0,5958.861833333333,5168.125722222222,-790.7361111111113,discharge,0.0
120,19:50,20:00,121,20:00,1.3482,4268.6702,0.0,711.4450333333332,0.0,0.0,0.0,711.4450333333335,0.0,5168.125722222222,4377.63124074074,-790.4944814814817,discharge,0.0
121,20:00,20:10,122,20:10,1.3513,4282.2245,0.0,713.7040833333333,0.0,0.0,0.0,713.7040833333331,0.0,4377.63124074074,3584.6267037037037,-793.0045370370367,discharge,0.0
122,20:10,20:20,123,20:20,1.34,4291.7049,0.0,715.28415,0.0,0.0,0.0,715.2841499999998,0.0,3584.6267037037037,2789.8665370370372,-794.7601666666665,discharge,0.0
123,20:20,20:30,124,20:30,1.3489,4291.3611,0.0,715.22685,0.0,0.0,0.0,715.2268500000002,0.0,2789.8665370370372,1995.170037037037,-794.6965000000002,discharge,0.0
124,20:30,20:40,125,20:40,1.3952,4293.9182,0.0,715.6530333333333,0.0,0.0,0.0,715.6530333333333,0.0,1995.170037037037,1200.0,-795.170037037037,discharge,0.0
125,20:40,20:50,126,20:50,1.2226,4295.2135,0.0,715.8689166666666,0.0,715.8689166666666,0.0,0.0,0.0,1200.0,1200.0,0.0,idle,875.2213375166665
126,20:50,21:00,127,21:00,0.9332,4302.0307,0.0,717.0051166666667,0.0,717.0051166666667,0.0,0.0,0.0,1200.0,1200.0,0.0,idle,669.1091748733334
127,21:00,21:10,128,21:10,0.9068,4320.9618,0.0,720.1603,0.0,720.1603,0.0,0.0,0.0,1200.0,1200.0,0.0,idle,653.0413600400001
128,21:10,21:20,129,21:20,0.9371,4302.3292,0.0,717.0548666666666,0.0,717.0548666666666,0.0,0.0,0.0,1200.0,1200.0,0.0,idle,671.9521155533333
129,21:20,21:30,130,21:30,0.9371,4322.6758,0.0,720.4459666666667,0.0,720.4459666666667,0.0,0.0,0.0,1200.0,1200.0,0.0,idle,675.1299153633333
130,21:30,21:40,131,21:40,0.9871,4428.8083,0.0,738.1347166666666,0.0,738.1347166666666,0.0,0.0,0.0,1200.0,1200.0,0.0,idle,728.6127788216666
131,21:40,21:50,132,21:50,0.7764,4030.1614,0.0,671.6935666666666,0.0,671.6935666666666,0.0,0.0,0.0,1200.0,1200.0,0.0,idle,521.5028851599999
132,21:50,22:00,133,22:00,0.4209,3362.7419,0.0,560.4569833333333,0.0,1393.7903166666667,833.3333333333333,0.0,0.0,1200.0,1950.0,750.0,charge,586.646344285
133,22:00,22:10,134,22:10,0.3859,3309.3934,0.0,551.5655666666667,0.0,1384.8988999999997,833.3333333333333,0.0,0.0,1950.0,2700.0,750.0,charge,534.4324855099999
134,22:10,22:20,135,22:20,0.4368,3412.9563,0.0,568.8260499999999,0.0,568.826050000001,0.0,0.0,0.0,2700.0,2700.000000000001,9.094947017729282e-13,idle,248.46321864000046
135,22:20,22:30,136,22:30,0.4198,3381.9313,0.0,563.6552166666667,0.0,1396.9885499999996,833.3333333333333,0.0,0.0,2700.000000000001,3450.000000000001,750.0,charge,586.4557932899999
136,22:30,22:40,137,22:40,0.4186,3386.5592,0.0,564.4265333333333,0.0,1397.7598666666668,833.3333333333333,0.0,0.0,3450.000000000001,4200.000000000001,750.0,charge,585.1022801866668
137,22:40,22:50,138,22:50,0.4241,3400.4846,0.0,566.7474333333332,0.0,566.747433333333,0.0,0.0,0.0,4200.000000000001,4200.000000000001,0.0,idle,240.3575864766665
138,22:50,23:00,139,23:00,0.4237,3399.2426,0.0,566.5404333333333,0.0,1399.8737666666666,833.3333333333333,0.0,0.0,4200.000000000001,4950.000000000001,750.0,charge,593.1265149366667
139,23:00,23:10,140,23:10,0.4248,3406.9809,0.0,567.83015,0.0,567.830149999998,0.0,0.0,0.0,4950.000000000001,4949.999999999999,-1.8189894035458565e-12,idle,241.21424771999915
140,23:10,23:20,141,23:20,0.424,3416.1518,0.0,569.3586333333333,0.0,569.3586333333366,0.0,0.0,0.0,4949.999999999999,4950.000000000003,3.637978807091713e-12,idle,241.4080605333347
141,23:20,23:30,142,23:30,0.422,3421.9811,0.0,570.3301833333333,0.0,1403.6635166666665,833.3333333333333,0.0,0.0,4950.000000000003,5700.000000000003,750.0,charge,592.3460040333332
142,23:30,23:40,143,23:40,0.424,3429.6923,0.0,571.6153833333333,0.0,904.948716666665,333.3333333333313,0.0,0.0,5700.000000000003,6000.000000000001,299.9999999999982,charge,383.69825586666593
143,23:40,23:50,144,23:50,0.4271,3439.061,0.0,573.1768333333333,0.0,573.1768333333331,0.0,0.0,0.0,6000.000000000001,6000.000000000001,0.0,idle,244.80382551666656
144,23:50,24:00,145,0:00+1,0.4276,3444.7259,0.0,574.1209833333332,0.0,574.1209833333323,0.0,0.0,0.0,6000.000000000001,6000.0,-9.094947017729282e-13,idle,245.49413247333288
